page,category,static,chromium_portrait_landscape,linux_webkit_portrait_landscape,operation_scope,physical_safari,limits
404.html,error,PASS,PASS,PASS,JA/EN表示・ルートへの戻るリンク（静的/表示）,UNTESTED,Linux software GPU; browser/DOM fixtures and synthetic lifecycle do not establish physical Safari behavior
armillary-v2.html,work,PASS,PASS,PASS,実WebGL・反復視点/写真/版切替・描画喪失/離脱復帰；レビューは画像/リンク,UNTESTED,Linux software GPU; browser/DOM fixtures and synthetic lifecycle do not establish physical Safari behavior
armillary.html,work,PASS,PASS,PASS,実WebGL・反復視点/写真/版切替・描画喪失/離脱復帰；レビューは画像/リンク,UNTESTED,Linux software GPU; browser/DOM fixtures and synthetic lifecycle do not establish physical Safari behavior
binary-dusk.html,work,PASS,PASS,PASS,対象本文、向きに応じた資産再読込、Tab/Space、UI再表示、合成描画停止復帰,UNTESTED,Linux software GPU; browser/DOM fixtures and synthetic lifecycle do not establish physical Safari behavior
cellwafer.html,work,PASS,PASS,PASS,UI反復fixture＋実初回描画。個別操作を検査,UNTESTED,Linux software GPU; browser/DOM fixtures and synthetic lifecycle do not establish physical Safari behavior
chrome-liturgy-r1-preview.html,preview,PASS,PASS,PASS,実WebGL・反復視点/写真/版切替・描画喪失/離脱復帰；レビューは画像/リンク,UNTESTED,Linux software GPU; browser/DOM fixtures and synthetic lifecycle do not establish physical Safari behavior
chrome-liturgy-r1-review.html,review,PASS,PASS,PASS,レビュー本文、画像、リンク依存の表示,UNTESTED,Linux software GPU; browser/DOM fixtures and synthetic lifecycle do not establish physical Safari behavior
chrome-liturgy.html,work,PASS,PASS,PASS,実WebGL・反復視点/写真/版切替・描画喪失/離脱復帰；レビューは画像/リンク,UNTESTED,Linux software GPU; browser/DOM fixtures and synthetic lifecycle do not establish physical Safari behavior
coastal-glass.html,work,PASS,PASS,PASS,実WebGL・反復視点/写真/版切替・描画喪失/離脱復帰；レビューは画像/リンク,UNTESTED,Linux software GPU; browser/DOM fixtures and synthetic lifecycle do not establish physical Safari behavior
code-rain-frozen.html,work,PASS,PASS,PASS,UI反復fixture＋実初回描画。個別操作を検査,UNTESTED,Linux software GPU; browser/DOM fixtures and synthetic lifecycle do not establish physical Safari behavior
code-rain-utterance.html,work,PASS,PASS,PASS,UI反復fixture＋実初回描画。個別操作を検査,UNTESTED,Linux software GPU; browser/DOM fixtures and synthetic lifecycle do not establish physical Safari behavior
code-rain.html,work,PASS,PASS,PASS,UI反復fixture＋実初回描画。個別操作を検査,UNTESTED,Linux software GPU; browser/DOM fixtures and synthetic lifecycle do not establish physical Safari behavior
confluence-v1-archived.html,archive,PASS,PASS,PASS,UI反復fixture＋実初回描画。個別操作を検査；旧読込失敗競合の回帰（v2–4/現行）,UNTESTED,Linux software GPU; browser/DOM fixtures and synthetic lifecycle do not establish physical Safari behavior
confluence-v2-archived.html,archive,PASS,PASS,PASS,UI反復fixture＋実初回描画。個別操作を検査；旧読込失敗競合の回帰（v2–4/現行）,UNTESTED,Linux software GPU; browser/DOM fixtures and synthetic lifecycle do not establish physical Safari behavior
confluence-v3-archived.html,archive,PASS,PASS,PASS,UI反復fixture＋実初回描画。個別操作を検査；旧読込失敗競合の回帰（v2–4/現行）,UNTESTED,Linux software GPU; browser/DOM fixtures and synthetic lifecycle do not establish physical Safari behavior
confluence-v4-archived.html,archive,PASS,PASS,PASS,UI反復fixture＋実初回描画。個別操作を検査；旧読込失敗競合の回帰（v2–4/現行）,UNTESTED,Linux software GPU; browser/DOM fixtures and synthetic lifecycle do not establish physical Safari behavior
confluence.html,work,PASS,PASS,PASS,UI反復fixture＋実初回描画。個別操作を検査；旧読込失敗競合の回帰（v2–4/現行）,UNTESTED,Linux software GPU; browser/DOM fixtures and synthetic lifecycle do not establish physical Safari behavior
core-37.html,work,PASS,PASS,PASS,UI反復fixture＋実初回描画。個別操作を検査,UNTESTED,Linux software GPU; browser/DOM fixtures and synthetic lifecycle do not establish physical Safari behavior
cyberwafer-r2-preview.html,preview,PASS,PASS,PASS,実WebGL・反復視点/写真/版切替・描画喪失/離脱復帰；レビューは画像/リンク,UNTESTED,Linux software GPU; browser/DOM fixtures and synthetic lifecycle do not establish physical Safari behavior
cyberwafer-r2-review.html,review,PASS,PASS,PASS,レビュー本文、画像、リンク依存の表示,UNTESTED,Linux software GPU; browser/DOM fixtures and synthetic lifecycle do not establish physical Safari behavior
cyberwafer.html,work,PASS,PASS,PASS,UI反復fixture＋実初回描画。個別操作を検査,UNTESTED,Linux software GPU; browser/DOM fixtures and synthetic lifecycle do not establish physical Safari behavior
earth-origin-material.html,work,PASS,PASS,PASS,UI反復fixture＋実初回描画。個別操作を検査,UNTESTED,Linux software GPU; browser/DOM fixtures and synthetic lifecycle do not establish physical Safari behavior
empyrean-sigil-3d.html,work,PASS,PASS,PASS,UI反復fixture＋実初回描画。個別操作を検査,UNTESTED,Linux software GPU; browser/DOM fixtures and synthetic lifecycle do not establish physical Safari behavior
empyrean-sigil.html,work,PASS,PASS,PASS,UI反復fixture＋実初回描画。個別操作を検査,UNTESTED,Linux software GPU; browser/DOM fixtures and synthetic lifecycle do not establish physical Safari behavior
index.html,portal,PASS,PASS,PASS,4画面・テーマ/言語・15回選択/閉鎖・履歴・光学/簡易ガラス,UNTESTED,Linux software GPU; browser/DOM fixtures and synthetic lifecycle do not establish physical Safari behavior
lacto-caloris.html,work,PASS,PASS,PASS,UI反復fixture＋実初回描画。個別操作を検査,UNTESTED,Linux software GPU; browser/DOM fixtures and synthetic lifecycle do not establish physical Safari behavior
lacto-cortex.html,work,PASS,PASS,PASS,UI反復fixture＋実初回描画。個別操作を検査,UNTESTED,Linux software GPU; browser/DOM fixtures and synthetic lifecycle do not establish physical Safari behavior
lacto-tricore.html,work,PASS,PASS,PASS,UI反復fixture＋実初回描画。個別操作を検査；遅延切替/重複読込は実WebGLアセットでもPASS,UNTESTED,Linux software GPU; browser/DOM fixtures and synthetic lifecycle do not establish physical Safari behavior
late-core.html,work,PASS,PASS,PASS,目次/章/字体/位置保存、連続A+、JA原文保護：6作PASS,UNTESTED,Linux software GPU; browser/DOM fixtures and synthetic lifecycle do not establish physical Safari behavior
not-yet.html,work,PASS,PASS,PASS,目次/章/字体/位置保存、連続A+、JA原文保護：6作PASS,UNTESTED,Linux software GPU; browser/DOM fixtures and synthetic lifecycle do not establish physical Safari behavior
object.html,work,PASS,PASS,PASS,UI反復fixture＋実初回描画。個別操作を検査,UNTESTED,Linux software GPU; browser/DOM fixtures and synthetic lifecycle do not establish physical Safari behavior
preservation-hall.html,work,PASS,PASS,PASS,UI反復fixture＋実初回描画。個別操作を検査,UNTESTED,Linux software GPU; browser/DOM fixtures and synthetic lifecycle do not establish physical Safari behavior
residual-index-53.html,work,PASS,PASS,PASS,目次/章/字体/位置保存、連続A+、JA原文保護：6作PASS,UNTESTED,Linux software GPU; browser/DOM fixtures and synthetic lifecycle do not establish physical Safari behavior
sanctum.html,work,PASS,PASS,PASS,実WebGL・反復視点/写真/版切替・描画喪失/離脱復帰；レビューは画像/リンク,UNTESTED,Linux software GPU; browser/DOM fixtures and synthetic lifecycle do not establish physical Safari behavior
shoko-prototype.html,preview,PASS,PASS,PASS,場面反復、ホットスポット本文、Tab、フォーカス復帰、44px操作寸法,UNTESTED,Linux software GPU; browser/DOM fixtures and synthetic lifecycle do not establish physical Safari behavior
shoko.html,work,PASS,PASS,PASS,7場面、対象本文、Tab、UI再表示、高速場面選択（最後のexterior保持）,UNTESTED,Linux software GPU; browser/DOM fixtures and synthetic lifecycle do not establish physical Safari behavior
sigil-fusion.html,work,PASS,PASS,PASS,UI反復fixture＋実初回描画。個別操作を検査,UNTESTED,Linux software GPU; browser/DOM fixtures and synthetic lifecycle do not establish physical Safari behavior
the-blank.html,work,PASS,PASS,PASS,目次/章/字体/位置保存、連続A+、JA原文保護：6作PASS,UNTESTED,Linux software GPU; browser/DOM fixtures and synthetic lifecycle do not establish physical Safari behavior
the-changes.html,work,PASS,PASS,PASS,対象本文、Tab/Space、UI再表示、外側タップ/フォーカス復帰、合成停止復帰,UNTESTED,Linux software GPU; browser/DOM fixtures and synthetic lifecycle do not establish physical Safari behavior
the-individual.html,work,PASS,PASS,PASS,目次/章/字体/位置保存、連続A+、JA原文保護：6作PASS,UNTESTED,Linux software GPU; browser/DOM fixtures and synthetic lifecycle do not establish physical Safari behavior
the-written.html,work,PASS,PASS,PASS,目次/章/字体/位置保存、連続A+、JA原文保護：6作PASS,UNTESTED,Linux software GPU; browser/DOM fixtures and synthetic lifecycle do not establish physical Safari behavior
vacant-seat.html,work,PASS,PASS,PASS,観測記録、2視点、停止復帰、縦横寸法,UNTESTED,Linux software GPU; browser/DOM fixtures and synthetic lifecycle do not establish physical Safari behavior
xerophyte.html,work,PASS,PASS,PASS,対象本文、Tab/Space、UI再表示、合成停止復帰,UNTESTED,Linux software GPU; browser/DOM fixtures and synthetic lifecycle do not establish physical Safari behavior
